{
  "n_samples": 160,
  "n_features": 3200,
  "class_counts": {
    "0": 80,
    "1": 80
  },
  "accuracy": 0.84375,
  "precision": 0.9230769230769231,
  "recall": 0.75,
  "f1": 0.8275862068965517,
  "roc_auc": 0.9296875,
  "pr_auc": 0.943228021978022,
  "confusion_matrix": [
    [
      15,
      1
    ],
    [
      4,
      12
    ]
  ],
  "C": 1.0
}